,Unnamed: 0,timestamp,name,class,gender,Sport_YN,Q1,Q2,Q3,Q4,Q5,Q6,Q7,Q8,Q9,Q10,Q11,Q12,Q13,Q14,Q15,Q16,Q17,Q18,Q19,Q20,Q21,Q22,Q23,Q24,Q25,Q26,Q27,Q28,Q29,Q30,Q31,Q32,Q33,Q34,Q35,Q36,Q37,Q38,Q39,Q40,Q41,Q42,Q43,Q44,Q45,Q46,Q47,Q48,Q49,Q50,Q51,Q52,Q53,Q54,Q55,Q56,Q57,Q58,Q59,Q60,Q61,Q62,Q63,Q64,Q65,Q66,Q67,Q68,Q69,Q70,Q71,Q72,Q73,Q74,Q75,Q76
0,0,2026-01-19 09:41:59,1,12Г,Ж,1-2,-,-,+,+,+,+,+,-,-,+,-,-,+,+,+,+,+,-,+,+,+,+,+,+,-,-,-,-,-,+,-,+,-,+,+,+,+,+,+,-,+,+,+,+,+,-,+,+,-,+,-,+,-,-,-,+,+,-,+,+,+,+,+,-,+,-,+,+,+,+,+,+,+,-,+,+
1,1,2026-01-19 09:42:06,2,12Г,Ч,3,-,-,+,+,-,-,+,-,+,-,-,+,-,+,+,+,+,-,-,+,-,-,-,-,+,+,-,-,-,+,+,-,+,+,-,-,+,-,-,-,+,+,+,-,-,+,-,-,-,+,-,-,-,+,+,-,-,-,-,+,-,-,-,+,-,-,-,-,-,-,-,-,-,-,+,+
2,2,2026-01-19 09:43:49,3,12Г,Ч,3,-,-,-,+,-,-,-,-,+,+,+,+,-,+,-,-,+,-,-,-,-,-,-,-,+,-,-,-,-,-,-,-,-,+,-,-,+,-,-,+,+,+,-,-,+,+,-,-,-,+,-,-,-,-,-,+,+,-,-,-,-,-,+,+,-,+,-,-,-,+,+,-,-,-,-,+
3,3,2026-01-19 09:44:19,4,12Г,Ж,1-2,-,-,+,+,-,+,+,-,-,+,+,+,-,+,+,+,-,-,+,+,+,-,-,+,+,+,+,-,+,+,-,+,+,-,+,+,-,-,+,+,+,+,+,+,+,+,+,+,-,-,+,-,-,+,+,+,-,-,-,+,+,+,+,+,+,+,-,+,-,-,+,-,-,+,+,+
4,4,2026-01-19 09:44:30,5,12Г,Ч,4-5,-,-,-,-,-,-,-,-,+,-,+,-,-,-,-,-,-,-,-,-,-,-,-,-,-,-,-,-,-,-,-,+,+,-,+,+,+,-,-,+,+,-,-,-,+,-,+,-,-,+,-,-,-,-,-,+,-,-,-,-,+,-,+,-,-,+,+,-,-,+,-,-,+,-,+,+
5,5,2026-01-19 09:44:32,6,12Г,Ж,0,-,-,-,-,-,-,+,+,+,+,+,+,-,-,+,+,-,+,-,+,+,-,-,-,-,-,-,+,-,+,-,+,-,-,+,-,+,-,+,+,+,+,+,-,+,+,+,-,-,-,-,-,-,-,+,-,-,-,-,-,-,+,+,-,-,-,+,-,-,-,+,-,-,-,+,-
6,6,2026-01-19 09:44:41,7,12Г,Ч,0,-,-,-,-,-,-,+,-,-,+,+,+,+,-,-,+,-,-,-,-,-,-,-,-,-,+,+,+,-,+,-,-,+,-,+,-,+,-,+,+,+,+,-,-,-,-,-,+,-,+,-,-,-,+,-,-,-,-,-,-,+,-,-,+,+,-,+,-,-,+,+,+,-,+,-,+
7,7,2026-01-19 09:44:43,8,12Г,Ч,1-2,-,-,+,+,+,+,+,-,+,-,+,+,-,+,+,-,+,+,-,+,+,+,+,-,+,+,+,+,+,+,+,-,+,-,+,+,+,-,+,+,+,+,-,+,-,-,+,+,-,+,+,-,-,-,+,+,-,-,+,+,+,-,+,-,+,+,+,+,+,+,+,-,+,+,+,+
8,8,2026-01-19 09:45:02,9,12Г,Ч,0,-,+,-,-,-,+,-,-,-,+,+,-,-,+,+,+,+,+,-,-,-,+,+,-,+,+,-,+,+,-,-,+,+,+,-,+,+,+,+,-,+,+,-,+,-,-,+,+,-,+,-,+,+,-,+,-,-,+,+,+,-,+,+,-,+,-,+,+,+,+,-,+,+,-,+,+
9,9,2026-01-19 09:45:06,10,12Г,Ч,4-5,-,+,+,+,-,+,+,-,-,+,-,-,-,-,+,+,+,+,-,+,-,+,-,-,+,+,-,-,+,+,-,-,+,-,+,+,+,+,+,-,+,-,-,+,+,+,-,-,-,-,-,-,-,+,+,-,-,-,-,+,+,+,+,+,+,-,-,-,+,-,+,+,-,+,-,+
10,10,2026-01-19 09:45:53,11,12Г,Ч,4-5,-,-,+,-,-,-,+,+,-,+,-,+,-,-,-,+,-,-,-,+,+,-,-,-,-,+,-,+,+,+,-,+,+,+,+,-,-,-,-,-,+,-,+,+,-,+,+,+,-,-,-,-,-,+,+,-,+,+,-,+,-,-,+,+,+,-,-,-,+,-,-,+,-,+,+,-
11,11,2026-01-19 09:46:13,12,12Г,Ж,0,-,-,-,+,-,-,+,+,+,+,+,+,-,+,-,-,-,+,+,-,-,-,-,-,-,-,+,+,-,-,-,+,-,-,+,+,+,-,-,+,+,+,-,-,+,-,-,-,-,-,-,-,-,-,-,-,-,-,-,-,+,+,-,-,+,+,-,-,-,-,+,-,-,-,-,+
12,12,2026-01-19 09:46:17,13,12Г,Ж,4-5,-,-,+,+,-,-,+,+,+,-,-,+,+,-,+,-,-,+,-,-,-,-,+,-,+,+,+,+,-,+,-,+,+,+,+,-,+,-,-,-,+,+,+,+,+,+,+,-,-,+,-,-,-,+,+,+,-,-,+,+,+,+,+,-,+,+,-,-,-,+,+,-,-,-,-,+
13,13,2026-01-19 09:46:26,14,12Г,Ж,1-2,-,-,-,-,+,-,+,+,+,-,-,-,+,+,+,+,+,-,+,+,+,+,-,-,-,-,+,-,+,+,-,+,-,+,+,-,-,-,+,+,+,+,-,+,+,-,+,+,-,-,+,+,+,+,-,-,+,-,+,-,+,+,+,-,+,-,-,+,-,+,+,-,-,+,+,-
14,14,2026-01-19 09:46:27,15,12Г,Ж,0,-,+,-,+,-,-,+,-,-,+,+,+,+,-,-,+,-,+,-,+,+,-,+,+,-,-,+,+,-,+,-,-,+,+,-,+,-,+,+,+,-,+,+,+,-,-,-,+,-,-,-,+,-,+,+,-,-,-,+,+,+,+,+,-,-,-,+,+,+,+,+,-,+,+,+,-
15,15,2026-01-19 09:46:55,16,12Г,Ч,0,-,-,-,+,+,-,+,+,+,+,+,+,-,+,-,-,-,-,-,-,-,-,-,-,+,+,-,-,-,-,-,+,+,-,-,+,+,-,-,-,+,+,+,-,+,+,-,-,-,+,-,-,-,-,+,-,-,-,-,-,+,+,-,-,-,-,+,+,+,-,+,-,-,-,+,+
16,16,2026-01-19 09:47:03,17,12Г,Ч,1-2,-,-,+,+,+,-,+,+,+,+,-,-,+,-,+,+,-,+,+,+,-,-,-,+,+,+,+,+,+,+,+,+,-,+,+,-,+,+,-,+,+,+,+,+,+,+,+,+,+,-,-,-,-,+,+,+,-,-,-,+,+,+,-,-,+,+,+,-,+,-,-,-,-,+,+,-
17,17,2026-01-19 09:50:13,18,12Г,Ч,1-2,-,-,+,+,-,-,-,-,+,-,+,-,-,-,+,+,+,+,+,-,+,-,+,+,+,+,-,+,+,+,+,-,+,+,+,+,+,-,+,+,+,+,+,+,+,+,+,+,+,-,-,+,+,+,+,+,-,+,+,+,+,+,+,+,+,+,+,+,+,+,+,+,-,+,+,+
18,18,2026-01-19 09:51:08,19,12Г,Ч,0,-,-,+,+,+,-,-,-,+,-,-,+,-,+,+,-,-,-,-,+,-,+,+,-,+,+,-,+,+,+,+,+,+,+,+,-,-,-,+,+,+,-,-,+,+,+,+,+,-,+,+,-,+,-,+,+,-,+,+,+,+,+,+,-,+,+,-,-,+,-,+,+,+,+,+,+
19,19,2026-01-19 09:51:19,20,12Г,Ж,1-2,-,-,-,-,-,-,+,+,+,+,+,-,-,+,-,+,+,+,+,-,+,-,+,-,-,+,+,+,+,+,+,+,-,-,+,+,+,-,+,+,+,-,-,-,+,+,+,-,-,-,-,-,+,+,-,+,-,+,-,+,+,+,-,+,+,-,-,-,+,+,-,+,-,-,+,-
20,20,2026-01-19 09:51:38,21,12Г,Ч,1-2,-,-,-,+,-,+,-,+,+,-,+,+,-,-,+,-,+,-,-,+,+,+,-,+,-,+,+,+,-,+,-,+,-,+,+,+,+,-,+,+,+,+,-,-,+,+,-,-,-,-,-,-,-,-,+,-,-,-,-,-,-,+,-,-,-,-,-,-,+,+,-,-,-,-,+,-
21,21,2026-01-19 09:54:37,22,12Г,Ч,3,-,-,-,+,-,-,-,-,+,-,-,-,-,-,-,-,-,-,+,-,+,-,-,-,-,+,-,+,+,+,-,+,+,-,+,-,+,-,+,-,+,-,-,-,-,+,+,-,-,+,-,-,-,+,+,-,+,+,-,+,+,+,+,+,+,-,-,-,+,-,+,+,-,+,+,+
22,22,2026-01-19 09:59:05,23,12Г,Ж,1-2,-,-,+,+,+,-,+,-,-,+,+,+,+,+,-,+,-,-,-,+,-,-,+,-,-,-,-,-,-,+,-,-,-,+,-,-,+,+,+,-,+,+,-,+,-,+,-,+,-,-,-,-,-,+,+,-,-,-,+,+,-,+,-,-,-,+,-,-,-,+,+,-,-,-,+,+
23,23,2026-01-19 10:21:29,24,12А,Ч,0,-,+,-,-,-,-,+,-,-,+,-,-,+,-,+,+,+,+,-,+,+,+,+,+,-,+,-,+,-,+,-,-,+,-,-,+,+,+,+,-,-,-,-,+,-,+,+,-,-,-,-,+,+,-,-,-,-,-,-,+,-,-,-,+,+,-,+,+,-,-,-,-,-,-,+,-
24,24,2026-01-19 10:22:22,25,12А,Ч,3,-,+,+,-,+,+,+,+,-,-,+,-,+,+,+,+,+,-,-,+,+,+,+,+,-,+,-,-,-,+,-,-,+,+,+,+,+,+,+,-,-,-,+,+,-,-,-,+,+,-,+,+,-,+,+,+,+,+,+,+,+,+,+,+,+,-,-,+,+,-,-,-,+,+,+,-
25,25,2026-01-19 10:22:25,26,12А,Ч,4-5,-,+,+,+,+,+,-,+,+,-,-,+,+,-,+,+,-,-,+,+,+,-,-,-,+,+,+,+,+,+,+,+,+,+,+,-,-,+,+,-,+,-,-,+,-,+,+,+,+,-,+,+,+,-,-,-,+,+,+,+,+,-,+,+,+,-,-,+,+,-,+,+,-,+,+,-
26,26,2026-01-19 10:24:05,27,12А,Ч,0,-,-,+,-,+,-,+,+,+,+,-,+,+,-,-,+,+,-,+,+,+,-,-,+,+,-,+,+,+,+,-,+,+,+,+,-,+,-,+,+,+,-,+,+,-,+,+,+,-,-,+,-,-,+,+,-,+,-,-,+,+,+,-,+,+,-,+,-,-,-,+,+,-,+,-,-
27,27,2026-01-19 10:24:25,28,12А,Ж,3,-,-,+,-,-,+,+,-,+,-,+,-,+,+,-,+,+,+,-,-,+,+,+,-,-,+,+,+,-,+,+,+,+,-,+,-,+,+,+,-,+,-,-,+,-,+,+,+,-,-,+,+,+,+,+,+,-,-,+,+,-,+,-,-,+,+,+,+,-,+,-,-,-,+,+,+
28,28,2026-01-19 10:24:37,29,12А,Ж,0,-,-,+,-,-,-,+,-,+,+,+,+,+,+,+,+,+,-,-,-,+,+,+,-,+,-,+,+,+,+,-,-,+,-,+,-,-,+,+,+,+,+,+,-,-,-,-,+,-,+,-,-,-,+,+,-,-,+,-,+,+,+,+,+,-,-,+,-,+,-,-,-,+,+,+,+
29,29,2026-01-19 10:24:48,30,12А,Ж,4-5,-,+,-,+,-,+,+,+,+,+,-,-,+,+,+,+,-,-,+,-,+,+,+,-,+,+,-,-,+,-,-,-,+,+,+,+,+,+,+,-,+,-,-,+,+,+,+,-,+,-,-,-,-,+,+,+,-,-,+,-,+,+,-,+,+,-,-,-,+,+,-,+,-,+,+,+
30,30,2026-01-19 10:25:21,31,12А,Ч,1-2,-,-,-,+,+,+,+,-,+,-,-,+,-,-,-,-,+,+,-,+,+,+,+,+,-,+,+,+,-,+,-,-,+,+,+,+,-,-,+,+,+,-,-,+,+,-,+,+,-,-,+,-,+,+,-,-,-,+,+,-,-,-,+,-,+,-,+,-,+,-,-,+,-,-,+,+
31,31,2026-01-19 10:27:11,32,12А,Ч,1-2,-,-,-,-,-,-,+,+,-,+,+,+,-,-,-,-,-,+,-,-,+,-,-,-,-,-,-,-,-,-,-,-,+,+,+,+,+,-,-,-,+,+,-,-,-,+,-,-,-,+,-,-,-,-,+,-,+,-,-,-,-,+,-,-,-,+,+,-,-,+,-,-,-,+,-,+
32,32,2026-01-19 10:28:56,33,12А,Ч,1-2,-,-,+,+,+,-,+,-,-,-,-,-,-,+,-,+,-,-,-,+,-,-,-,-,+,+,-,+,-,-,+,+,+,+,+,+,-,-,+,-,+,-,-,-,-,+,-,-,-,+,+,-,-,+,+,-,-,-,-,+,-,-,+,+,-,+,-,-,+,+,+,-,-,+,+,-
33,33,2026-01-19 10:28:58,34,12А,Ч,1-2,-,+,+,-,+,-,+,+,+,-,-,+,+,+,-,+,+,-,-,-,-,-,-,-,+,+,-,+,-,+,+,+,+,+,+,-,+,+,-,-,+,-,+,-,+,+,+,-,-,+,-,-,-,+,+,+,-,+,-,+,+,+,+,-,+,+,-,-,+,+,+,+,-,-,+,+
34,34,2026-01-19 10:29:32,35,12А,Ч,3,-,-,+,+,+,+,+,-,+,+,+,+,-,+,-,+,+,+,-,-,+,-,+,-,+,+,+,+,+,+,-,-,+,+,+,-,+,+,+,-,+,-,+,+,+,+,-,+,-,+,-,-,-,+,+,-,-,-,-,+,+,+,-,-,-,+,-,-,-,+,+,-,+,+,+,+
35,35,2026-01-19 10:30:03,36,12А,Ч,1-2,-,-,-,+,+,-,+,+,+,+,+,+,+,+,-,+,+,+,-,+,+,-,+,-,+,+,+,+,+,+,-,-,+,+,+,+,+,+,+,+,+,-,-,+,-,+,+,+,-,+,-,-,-,-,+,-,-,-,+,+,-,+,+,-,+,-,+,+,-,-,-,-,-,+,+,-
36,36,2026-01-19 10:31:59,37,12А,Ч,1-2,-,+,+,+,+,+,+,+,+,-,-,+,+,+,+,+,+,-,+,+,+,+,+,+,+,+,+,-,+,-,-,+,+,+,+,-,+,+,+,-,+,+,+,+,+,+,+,+,+,+,+,+,+,+,+,-,-,+,+,+,+,+,+,+,+,-,-,+,+,-,-,-,-,-,+,+
37,37,2026-01-19 10:32:15,38,12А,Ж,4-5,-,-,-,+,-,-,-,+,+,+,+,+,-,+,+,+,+,-,+,-,+,-,-,-,-,+,-,+,+,+,-,+,+,+,+,-,+,-,-,+,+,-,-,+,-,+,+,-,-,-,-,-,-,+,+,-,-,-,+,+,+,+,+,+,-,-,-,-,-,+,-,+,-,+,+,-
38,38,2026-01-19 10:32:31,39,12А,Ж,0,-,-,-,+,-,-,-,-,+,+,+,+,-,+,-,-,+,-,+,-,+,-,-,+,-,-,-,+,+,-,-,+,+,+,+,-,+,-,-,+,+,-,+,+,-,+,-,-,-,+,-,-,-,-,+,-,+,-,-,-,-,+,-,-,-,+,-,+,-,+,-,-,+,+,+,-
39,39,2026-01-19 10:33:37,40,12А,Ч,0,-,+,+,-,-,+,+,-,+,+,-,-,+,+,+,+,+,+,-,+,-,-,-,-,+,+,+,-,-,+,-,-,+,+,+,-,-,-,-,-,-,+,+,+,+,+,-,-,-,+,-,-,+,+,-,-,+,+,+,+,+,-,-,+,+,-,+,+,-,+,-,+,-,+,-,+
40,40,2026-01-19 12:19:14,41,12В,Ж,1-2,-,-,-,-,+,-,+,+,-,-,+,-,-,+,-,-,-,-,+,-,+,-,-,-,+,+,+,-,-,+,+,-,-,+,-,+,+,-,-,-,+,+,-,+,-,-,+,-,-,-,-,-,-,+,-,-,-,-,+,+,-,-,-,+,+,-,-,-,+,+,+,+,-,-,-,-
41,41,2026-01-19 12:20:13,42,12В,Ч,4-5,-,+,+,+,-,+,+,-,-,+,-,-,+,+,+,+,+,+,-,-,+,+,+,+,+,+,-,+,+,+,-,+,+,+,+,+,+,+,+,-,-,+,+,+,+,-,+,+,+,+,+,+,+,-,+,+,-,+,+,+,-,+,+,+,+,-,-,+,+,+,+,+,+,-,+,+
42,42,2026-01-19 12:20:34,43,12В,Ж,0,-,+,+,+,+,+,+,+,+,-,-,+,+,-,+,+,+,+,+,+,+,+,+,+,-,+,-,+,+,+,-,+,+,+,+,-,+,+,+,-,-,-,-,+,-,+,+,-,+,-,+,+,+,+,+,+,+,+,+,+,-,-,+,-,+,+,+,+,+,+,-,+,+,+,+,+
43,43,2026-01-19 12:20:37,44,12В,Ж,5-6,-,+,+,+,-,+,+,+,+,-,-,+,+,+,+,+,-,-,+,+,+,-,+,-,+,+,-,+,+,+,-,+,+,-,+,+,-,-,+,-,-,-,-,+,-,+,+,+,+,-,+,+,-,+,+,-,-,-,-,+,-,+,-,+,+,-,+,+,+,-,-,-,-,+,+,+
44,44,2026-01-19 12:20:44,45,12В,Ж,0,-,+,+,-,+,+,+,+,+,+,-,+,+,+,-,+,+,-,+,+,+,+,+,+,-,+,-,-,+,+,-,+,+,+,+,+,+,+,+,-,+,-,+,+,+,+,+,+,-,-,-,+,-,+,+,+,+,+,+,+,+,+,-,+,+,+,-,+,-,-,+,+,+,+,+,-
45,45,2026-01-19 12:20:54,46,12В,Ч,1-2,-,-,+,+,+,-,+,-,+,+,+,+,-,+,+,+,+,+,-,+,-,+,+,-,-,+,+,+,-,-,-,+,+,-,+,-,+,-,+,+,+,+,-,+,+,+,-,+,-,+,+,+,-,+,-,+,+,-,+,+,+,+,-,-,+,-,-,+,+,+,+,-,+,+,+,+
46,46,2026-01-19 12:21:09,47,12В,Ж,1-2,-,-,+,+,-,+,+,+,+,+,+,+,-,+,-,-,-,+,+,+,-,-,-,+,+,-,-,-,+,+,-,+,+,-,+,+,+,-,-,+,+,+,+,+,+,-,-,+,-,-,-,+,-,+,+,+,-,-,+,+,+,+,+,-,-,-,+,+,-,+,-,+,+,+,+,+
47,47,2026-01-19 12:22:45,48,12В,Ч,1-2,-,-,-,-,-,-,-,-,+,-,+,+,-,-,-,-,-,-,-,-,-,-,+,-,+,+,+,-,-,-,-,+,+,+,-,-,+,-,-,+,+,-,-,-,+,+,-,-,-,+,-,-,-,-,-,-,-,-,-,-,+,+,+,-,-,+,-,-,-,+,+,-,-,-,-,+
48,48,2026-01-19 12:24:04,49,12В,Ч,3,-,+,+,-,-,-,+,-,-,+,-,+,+,-,+,+,-,-,-,+,-,+,+,-,-,+,-,+,-,+,-,+,-,-,+,-,+,+,+,+,+,-,-,+,-,+,-,+,-,-,+,+,-,-,+,+,+,+,+,+,-,+,+,-,-,-,-,+,+,+,-,+,-,+,-,+
49,49,2026-01-19 12:24:14,50,12В,Ж,0,-,+,-,+,-,-,+,-,+,+,-,-,+,+,+,+,+,-,+,+,+,+,+,+,+,+,-,+,+,+,-,-,+,+,+,-,-,+,+,-,+,+,+,+,-,+,+,+,+,-,+,+,+,+,+,+,+,+,+,+,-,+,-,+,+,+,-,+,-,-,-,+,+,+,+,+
50,50,2026-01-19 12:24:27,51,12В,Ч,0,-,-,-,-,+,-,+,-,+,-,+,+,-,-,+,+,-,+,-,+,-,+,+,-,-,+,-,+,-,-,-,+,+,+,+,+,+,+,+,-,+,+,-,+,+,+,+,+,-,-,-,-,-,+,-,+,+,+,+,+,+,+,+,-,-,+,+,+,+,+,+,+,+,+,+,+
51,51,2026-01-19 12:24:35,52,12В,Ч,3,-,-,-,+,-,-,-,+,+,-,-,+,+,+,+,-,-,+,-,+,+,-,-,+,+,+,+,+,+,+,-,+,+,+,+,-,+,+,-,-,+,-,-,-,+,+,-,-,-,-,+,-,-,+,+,+,-,-,+,+,+,+,+,-,-,+,-,-,+,+,+,-,-,+,-,+
52,52,2026-01-19 12:24:44,53,12В,Ч,5-6,-,-,-,+,-,-,+,+,-,-,+,-,-,-,+,+,-,+,-,+,+,-,-,+,-,+,+,+,+,+,+,+,+,+,+,-,-,-,+,-,+,+,-,+,-,+,+,+,+,-,+,+,+,+,+,+,+,-,+,+,+,-,+,-,+,-,-,+,+,-,+,+,-,+,+,-
53,53,2026-01-19 12:25:10,54,12В,Ж,0,-,-,-,+,+,+,-,-,+,+,-,+,-,-,+,+,-,+,-,+,+,+,+,-,-,-,+,-,+,+,+,+,+,+,+,+,+,-,+,+,-,+,-,-,+,+,-,-,-,+,+,-,-,+,-,-,-,-,+,+,-,+,+,-,-,-,+,-,-,-,-,+,-,+,-,-
54,54,2026-01-19 12:25:37,55,12В,Ж,5-6,-,-,-,+,+,+,+,-,-,-,-,+,+,-,+,+,+,-,+,+,+,+,+,+,+,+,+,+,+,+,-,+,+,+,+,+,+,+,+,+,+,-,+,+,+,+,+,+,+,-,+,+,+,+,+,-,-,-,+,+,+,+,+,-,+,-,-,+,-,-,+,+,+,+,+,-
55,55,2026-01-19 12:26:29,56,12В,Ч,5-6,-,+,+,-,+,+,+,+,-,-,-,+,+,-,+,+,+,+,+,+,+,+,+,+,+,+,+,+,+,+,+,+,+,+,+,+,+,-,+,-,+,-,+,+,+,+,+,+,+,-,+,+,+,+,+,+,+,+,+,+,+,+,+,+,+,+,+,+,+,+,+,+,-,+,+,+
56,56,2026-01-19 12:27:21,57,12В,Ч,1-2,-,-,+,-,+,-,+,+,+,-,+,+,+,+,-,+,+,-,+,+,+,-,-,+,+,-,-,+,+,+,-,+,+,+,+,+,+,+,+,-,+,-,+,+,+,+,+,+,+,-,+,+,-,+,+,-,+,-,+,+,+,+,+,+,+,-,-,+,+,+,+,+,-,+,+,+
57,57,2026-01-19 12:27:22,58,12В,Ж,1-2,-,-,+,-,+,-,+,-,+,-,-,-,+,+,-,+,+,-,+,+,-,+,+,-,-,+,-,+,-,+,-,+,+,-,+,-,+,+,+,+,+,-,+,+,-,+,-,+,+,-,-,+,-,-,+,-,+,+,+,+,+,+,+,+,+,-,-,+,+,+,+,+,-,+,+,+
58,58,2026-01-19 12:27:42,59,12В,Ч,4-5,-,+,+,+,-,+,-,-,+,+,+,+,+,-,-,+,+,+,+,+,-,-,-,-,-,+,-,+,-,+,-,+,+,+,+,+,+,-,+,-,+,-,-,-,-,+,-,+,-,+,-,-,+,+,+,+,-,+,-,+,+,+,+,+,+,+,-,-,+,+,+,+,-,+,+,-
59,59,2026-01-19 12:28:38,60,12В,Ж,0,-,-,-,-,-,-,-,+,+,+,+,-,+,-,-,+,+,-,+,-,-,+,+,-,+,+,+,+,-,+,-,-,+,+,+,-,+,+,+,+,+,+,+,+,-,-,-,+,-,-,-,-,-,+,+,-,-,+,+,-,-,+,+,-,+,+,+,+,+,-,-,-,+,+,-,-
60,60,2026-01-19 12:29:36,61,12В,Ч,4-5,-,-,-,+,-,+,-,+,+,-,-,+,-,-,-,+,+,-,-,+,-,+,+,+,+,+,-,+,+,-,-,+,+,+,+,-,-,+,+,-,+,-,-,+,+,-,+,+,-,-,+,+,-,+,+,-,-,-,+,-,+,+,+,+,+,-,-,+,+,+,+,+,-,+,+,+
61,61,2026-01-19 12:33:10,62,12В,Ч,4-5,-,-,+,+,-,+,+,-,+,-,-,-,-,+,-,-,+,+,+,+,-,-,+,-,+,-,+,-,+,-,-,-,+,-,+,+,+,-,-,+,-,+,-,+,+,+,+,+,+,-,-,-,-,-,+,-,-,-,+,-,-,+,+,+,+,+,-,-,+,-,+,-,-,+,+,+
62,62,2026-01-19 12:33:44,63,12В,Ч,0,-,+,-,-,+,-,+,+,+,-,-,-,-,+,-,-,+,+,-,+,+,+,+,-,+,-,+,+,+,+,-,+,+,+,+,+,+,+,+,-,-,-,-,+,-,+,-,+,+,+,-,+,-,-,+,-,+,+,+,+,+,+,+,-,+,-,-,-,+,-,+,-,-,+,+,-
63,63,2026-01-19 12:40:30,64,12В,Ж,5-6,-,-,+,+,-,-,+,+,+,+,-,+,+,-,-,+,+,+,+,+,+,-,-,-,-,+,-,-,+,+,+,+,+,+,+,-,-,-,-,+,+,+,-,-,-,+,+,-,-,-,-,-,-,-,+,-,-,-,-,-,+,+,-,+,-,-,-,-,-,-,+,-,-,+,-,-
64,64,2026-01-19 12:42:21,65,12В,Ж,4-5,-,+,+,-,-,-,+,+,-,-,-,+,+,+,-,+,+,-,+,-,+,+,-,+,+,+,-,+,+,+,+,+,+,+,+,-,-,-,+,-,+,-,-,+,+,+,+,+,+,-,+,+,+,+,+,+,+,+,+,+,+,+,+,-,+,-,-,+,+,+,+,+,-,+,-,+
65,65,2026-01-19 12:48:04,66,12В,Ч,0,-,-,+,-,+,+,-,-,-,-,-,-,+,+,-,-,+,-,-,-,+,-,-,-,-,+,-,-,-,+,-,+,+,-,+,-,+,-,+,+,+,+,-,+,+,+,+,-,-,+,-,-,-,-,+,+,-,-,-,+,+,+,+,-,+,+,-,+,+,+,+,-,-,+,+,-
66,66,2026-01-20 10:24:19,67,15Г,Ч,3,-,-,-,-,-,+,+,-,+,-,+,-,+,-,-,-,-,-,-,-,-,-,-,-,-,-,-,-,-,-,-,-,-,-,-,-,-,-,-,-,-,-,-,-,-,-,-,-,-,-,-,-,-,-,-,-,-,-,-,-,-,-,-,-,-,-,-,-,-,-,-,-,-,+,+,+
67,67,2026-01-20 10:24:32,68,15Г,Ч,0,-,-,+,-,-,+,+,-,-,-,+,+,-,-,-,-,-,-,-,-,-,-,-,-,-,-,-,-,-,-,-,-,-,-,-,-,-,-,-,-,-,-,-,-,-,-,-,-,-,-,-,-,-,-,-,-,-,-,-,-,+,-,-,-,-,-,-,-,-,+,-,-,-,-,-,-
68,68,2026-01-20 10:24:59,69,15Г,Ж,0,-,-,-,-,-,+,-,+,+,-,-,+,-,+,-,+,+,+,+,+,+,-,+,-,+,-,+,-,+,+,-,-,+,+,+,-,-,+,+,-,-,-,-,+,-,+,-,+,-,-,+,-,+,-,+,-,+,-,+,+,-,+,+,+,+,-,-,+,+,+,+,-,-,+,+,+
69,69,2026-01-20 10:25:46,70,15Г,Ж,0,-,+,-,+,+,-,+,+,+,-,-,+,+,-,+,+,+,-,-,+,+,+,+,-,+,-,-,-,-,+,+,+,+,+,+,-,+,+,+,-,-,-,-,+,-,-,-,+,-,-,+,+,+,+,+,+,-,+,+,+,+,+,+,-,+,-,-,+,+,+,+,-,-,+,-,+
70,70,2026-01-20 10:26:10,71,15Г,Ж,5-6,-,+,-,+,+,-,+,-,+,-,-,+,+,+,+,+,+,-,+,-,-,+,+,+,+,+,-,+,+,+,-,+,+,+,+,-,+,-,+,-,+,+,-,+,-,+,+,+,+,-,+,+,-,+,+,+,+,+,+,+,+,+,+,+,+,-,-,+,+,-,+,+,-,+,+,+
71,71,2026-01-20 10:26:28,72,15Г,Ж,1-2,-,+,+,-,+,-,+,+,-,-,-,-,-,+,+,+,+,-,+,+,+,+,+,+,+,+,-,+,+,+,+,+,+,+,+,-,-,+,+,-,+,-,+,+,-,+,+,+,+,-,+,+,+,+,+,+,+,+,+,+,-,-,+,+,+,-,-,+,+,-,-,-,-,+,-,-
72,72,2026-01-20 10:26:33,73,15Г,Ч,3,-,-,-,-,-,+,+,-,+,+,+,+,-,-,+,+,-,+,-,-,-,+,-,-,+,-,+,-,-,-,-,+,-,-,+,+,+,-,-,-,+,-,-,-,+,-,-,-,-,+,-,-,-,+,-,+,-,-,-,-,+,+,-,-,-,-,+,+,-,+,+,-,+,-,-,+
73,73,2026-01-20 10:26:39,74,15Г,Ч,0,-,-,+,-,-,+,+,-,-,+,+,+,+,-,-,-,-,-,-,-,-,-,-,-,-,-,-,-,-,-,-,-,-,-,-,-,-,-,-,-,-,-,-,-,-,-,-,-,-,-,-,-,-,-,-,-,-,-,-,-,-,-,-,-,+,-,-,-,+,+,+,-,-,+,+,-
74,74,2026-01-20 10:26:40,75,15Г,Ч,1-2,-,-,+,-,+,-,+,-,-,-,+,-,-,+,+,+,+,+,-,-,-,-,-,+,+,+,-,+,-,-,-,+,-,+,-,+,+,+,+,-,-,+,+,-,+,-,-,+,+,+,-,-,+,-,-,-,+,+,+,+,-,-,-,+,+,+,-,-,-,+,+,-,-,-,-,-
75,75,2026-01-20 10:28:33,76,15Г,Ж,1-2,-,-,+,-,-,-,+,-,+,-,-,+,-,-,-,+,-,-,+,+,-,-,+,-,-,-,-,+,+,+,-,+,-,-,+,-,-,-,-,-,-,-,-,+,-,-,-,-,-,-,-,-,-,+,+,-,-,+,+,+,-,+,+,+,+,-,-,-,+,-,-,-,-,+,+,-
76,76,2026-01-20 10:28:48,77,15Г,Ч,0,-,-,-,-,-,-,-,-,-,+,+,+,-,-,-,-,-,+,-,-,+,-,-,-,+,+,+,+,-,-,-,+,+,-,-,+,+,-,-,+,+,+,-,-,+,+,+,-,-,+,-,-,-,-,-,-,-,-,-,-,-,+,+,-,-,+,-,+,-,+,+,-,-,-,-,-
77,77,2026-01-20 10:29:09,78,15Г,Ч,3,-,-,-,-,+,-,+,+,+,-,+,+,-,+,-,-,+,-,-,-,+,-,-,-,+,+,+,-,+,-,-,+,-,+,+,+,+,+,+,-,+,-,-,-,-,+,+,-,-,-,-,-,-,-,+,+,-,+,-,+,+,+,+,-,-,-,-,-,-,+,+,+,-,-,-,-
78,78,2026-01-20 10:29:28,79,15Г,Ж,4-5,-,+,+,-,-,-,+,-,+,-,-,+,+,+,+,+,+,+,+,+,-,+,+,+,-,+,-,+,-,+,+,+,+,+,+,-,-,+,+,-,+,-,+,+,-,+,+,+,+,-,+,+,-,-,+,-,+,-,+,+,-,+,+,-,+,-,-,+,+,-,+,+,+,+,+,-
79,79,2026-01-20 10:29:52,80,15Г,Ч,5-6,-,-,-,+,-,-,+,-,-,-,+,-,+,-,-,-,-,-,-,-,-,-,-,-,-,-,-,-,-,-,-,-,-,-,-,-,-,+,+,+,+,+,+,+,-,+,-,+,-,-,-,-,-,-,+,+,-,+,+,+,-,+,+,-,+,-,+,+,-,+,+,+,+,+,+,+
80,80,2026-01-20 10:30:33,81,15Г,Ч,0,-,+,-,+,-,+,-,-,+,-,-,-,+,-,+,+,-,+,-,-,-,-,-,+,+,-,-,+,+,+,-,-,-,-,+,+,-,-,+,+,-,+,-,+,-,+,+,-,+,+,-,+,-,+,+,-,+,+,-,-,+,-,+,+,+,-,-,-,-,-,-,-,+,-,-,+
81,81,2026-01-20 10:32:10,82,15Г,Ж,0,-,-,-,-,+,-,+,-,+,+,-,+,-,+,-,-,+,-,-,-,-,-,-,-,-,-,+,-,-,-,-,+,+,-,+,+,+,-,-,+,+,+,+,-,+,+,+,-,-,+,-,-,-,-,+,-,-,-,-,-,-,+,-,-,-,+,-,-,-,+,+,-,+,-,+,-
82,82,2026-01-20 10:37:02,83,15Г,Ж,0,-,+,+,+,-,-,+,-,+,+,+,+,-,+,+,+,+,+,+,-,+,-,+,+,-,-,-,+,+,+,+,-,+,+,+,+,+,-,+,+,+,+,-,+,-,+,+,+,-,-,+,-,-,+,+,-,+,-,+,+,+,-,-,-,+,-,+,+,-,+,+,-,-,+,+,+
83,83,2026-01-20 10:37:37,84,15Г,Ж,0,-,+,+,+,-,-,+,-,+,+,+,-,-,+,-,+,+,-,+,-,+,-,-,+,+,-,-,+,+,+,+,-,+,+,+,+,+,+,+,+,+,+,+,+,+,+,+,-,+,+,+,+,-,+,+,-,-,-,+,+,+,+,+,-,-,-,+,+,-,-,+,-,-,+,+,+
84,84,2026-01-21 11:20:45,85,13Г,Ч,4-5,-,+,+,+,+,+,+,+,+,-,-,+,+,+,+,+,+,-,-,+,+,+,+,+,+,+,+,+,+,+,+,+,+,+,+,+,+,+,+,+,+,-,+,+,-,+,+,+,-,-,+,+,+,+,+,+,+,-,+,+,+,+,+,+,+,-,-,+,+,+,+,+,+,+,+,+
85,85,2026-01-21 11:24:22,86,13Г,Ж,0,-,-,-,+,-,+,+,+,-,-,+,+,+,-,-,+,+,-,-,+,-,+,+,-,+,+,+,+,-,+,-,+,+,+,+,-,-,+,+,-,+,-,-,+,+,+,+,+,-,-,+,+,+,+,+,+,+,+,+,+,+,+,+,-,+,+,-,-,+,-,+,-,-,+,+,-
86,86,2026-01-21 11:25:37,87,13Г,Ж,4-5,-,-,+,-,-,-,-,-,+,+,+,+,-,+,-,+,-,+,+,+,+,-,-,+,+,-,-,-,-,+,-,+,+,+,+,+,+,-,-,+,+,+,+,+,+,-,+,+,-,+,-,-,-,+,+,+,-,-,+,+,+,+,-,+,+,-,-,+,+,-,+,-,-,+,-,-
87,87,2026-01-21 11:25:40,88,13Г,Ж,3,-,-,+,-,-,-,-,-,+,+,+,+,-,+,-,+,-,+,+,-,+,-,-,+,+,-,-,-,-,+,-,+,+,+,+,+,+,-,-,+,+,+,+,+,+,-,+,+,-,+,-,-,-,+,+,+,-,-,-,+,+,+,-,+,+,-,-,+,-,-,-,-,-,+,+,+
88,88,2026-01-21 11:26:21,89,13Г,Ж,3,-,-,+,-,+,-,+,-,-,+,+,+,-,-,-,+,-,-,+,+,+,-,-,+,+,-,-,-,+,+,-,+,+,+,-,+,+,-,-,+,+,+,+,+,+,-,+,+,-,+,-,-,-,+,+,+,-,-,-,+,+,+,-,+,+,-,-,+,-,-,-,-,-,+,+,+
89,89,2026-01-21 11:26:39,90,13Г,Ж,1-2,-,-,+,+,+,+,+,+,+,-,+,-,+,+,+,+,+,+,+,+,+,+,+,+,-,+,-,+,+,+,+,+,+,+,+,-,+,+,+,-,+,-,+,+,-,+,+,+,-,-,-,-,+,+,+,-,+,-,+,+,+,+,+,-,+,+,-,-,+,+,-,+,-,+,+,-
90,90,2026-01-21 11:28:09,91,13Г,Ж,3,-,-,+,+,+,-,+,+,+,+,+,-,-,-,+,-,+,+,-,-,-,+,+,+,-,-,-,+,+,+,-,-,+,+,+,-,+,+,-,-,+,+,+,+,+,+,+,+,-,+,+,+,+,+,+,-,+,-,+,-,+,+,-,+,+,-,+,+,-,+,-,+,+,+,+,+
91,91,2026-01-21 11:28:09,92,13Г,Ч,3,-,-,-,-,-,-,-,-,-,-,+,-,+,-,-,-,-,-,+,-,+,-,-,-,-,+,-,-,-,-,-,+,+,-,+,+,-,-,-,-,+,-,-,-,+,-,+,-,-,-,-,-,-,+,-,+,-,-,-,-,-,-,+,+,+,-,-,-,-,+,-,+,-,+,-,-
92,92,2026-01-21 11:28:13,93,13Г,Ж,0,-,-,-,-,+,-,+,+,+,+,-,+,+,-,-,+,-,-,+,-,+,-,+,+,-,+,-,+,+,+,-,+,+,+,+,-,-,-,+,-,+,+,-,+,-,+,+,+,-,-,+,+,-,+,+,+,-,-,-,+,+,+,-,+,+,+,-,-,-,-,+,-,-,+,+,-
93,93,2026-01-21 11:28:15,94,13Г,Ж,3,-,+,+,-,+,-,+,+,+,-,-,-,-,-,-,+,+,+,+,-,+,+,+,+,+,+,-,+,+,+,+,+,+,+,+,+,+,-,+,-,+,+,+,+,-,+,+,+,-,-,-,+,+,+,+,-,+,+,+,+,+,-,-,+,+,-,-,+,-,-,+,-,+,+,-,-
94,94,2026-01-21 11:28:20,95,13Г,Ж,4-5,-,-,-,+,+,-,-,-,+,+,+,+,-,-,+,+,-,-,-,+,-,-,-,-,+,-,-,+,-,+,-,+,+,+,+,-,+,-,+,-,+,-,-,+,-,-,-,-,-,-,+,-,-,-,+,-,-,-,+,+,+,+,+,-,-,-,-,-,-,-,+,-,+,-,+,+
95,95,2026-01-21 11:28:53,96,13Г,Ж,0,-,-,-,-,-,-,+,+,+,+,+,+,-,-,+,-,-,-,-,-,-,-,-,-,-,-,-,+,+,-,-,+,-,+,+,+,+,+,-,+,+,+,+,-,+,+,+,+,-,+,-,-,-,-,+,+,-,-,-,-,+,+,-,-,+,+,-,-,-,+,+,-,-,-,+,+
96,96,2026-01-21 11:29:15,97,13Г,Ч,3,-,+,-,+,-,-,+,+,+,-,+,+,-,+,-,-,-,-,+,+,+,-,-,+,+,+,-,+,+,+,+,+,-,+,+,-,+,-,-,-,+,-,+,+,-,+,+,-,+,-,+,-,-,+,+,+,-,-,-,-,+,+,+,+,+,-,-,-,+,+,-,+,-,+,+,-
97,97,2026-01-21 11:29:17,98,13Г,Ч,0,-,-,-,-,-,-,-,+,+,+,+,-,+,+,-,+,-,-,+,+,-,-,-,+,+,+,-,-,+,+,+,+,+,+,+,-,+,-,-,-,+,+,+,+,-,+,+,+,-,+,-,+,+,+,-,+,-,-,+,-,+,+,+,+,-,-,-,-,-,+,-,+,-,+,+,+
98,98,2026-01-21 11:30:10,99,13Г,Ч,1-2,-,-,-,-,-,-,-,-,-,+,+,+,+,+,+,-,+,+,+,-,+,+,-,-,-,-,-,+,+,+,-,+,-,+,+,-,+,+,-,-,+,+,+,+,-,-,+,-,-,-,-,-,-,+,+,+,+,-,-,+,+,+,-,-,-,-,-,+,-,-,-,-,-,-,+,-
99,99,2026-01-21 11:30:23,100,13Г,Ч,5-6,-,-,-,-,+,-,-,+,-,-,+,+,+,+,+,-,-,+,-,-,+,-,-,+,-,+,-,+,+,+,-,+,-,-,+,-,+,-,-,+,-,-,-,-,-,+,+,-,+,-,-,-,-,-,-,-,-,+,-,+,-,-,+,+,-,-,-,-,-,-,-,-,-,+,-,+
100,100,2026-01-21 11:31:19,101,13Г,Ж,4-5,-,+,-,-,-,+,+,+,+,+,-,+,-,+,+,+,+,-,-,+,+,+,+,-,-,-,-,+,-,+,+,+,+,+,+,-,+,+,+,-,+,+,-,-,+,-,-,+,-,-,+,-,-,+,+,-,-,+,+,+,-,+,+,+,-,-,-,+,+,+,-,+,-,+,+,-
101,101,2026-01-21 11:31:59,102,13Г,Ч,5-6,-,-,-,-,-,-,+,+,-,-,-,-,+,+,+,+,-,-,-,+,+,-,+,-,-,-,-,-,+,+,+,+,-,-,-,+,-,-,+,-,+,-,-,+,-,+,-,+,-,-,-,-,-,+,-,-,-,-,-,+,-,-,-,+,-,+,-,-,+,-,-,+,+,+,-,-
102,102,2026-01-21 11:32:25,103,13Г,Ж,1-2,-,-,-,+,+,-,+,-,-,-,+,-,+,+,+,+,+,+,-,-,+,-,+,-,-,+,-,+,+,+,-,-,+,+,+,+,+,-,+,-,+,+,-,-,+,+,+,+,-,-,-,-,-,+,+,-,-,-,+,+,+,-,-,-,+,-,-,+,-,-,-,-,+,-,+,-
103,103,2026-01-21 11:39:19,104,13Г,Ж,0,-,-,-,+,+,-,+,+,+,+,+,+,+,-,-,+,-,-,-,-,-,-,-,-,-,-,+,+,-,+,+,+,-,+,+,-,-,-,-,+,+,-,+,+,-,+,+,-,-,+,-,-,-,+,+,-,-,-,-,+,+,+,+,-,+,+,+,-,-,-,+,+,-,+,+,+
104,104,2026-01-21 11:40:14,105,13Г,Ж,1-2,-,-,-,-,+,-,+,-,-,-,-,-,+,+,+,-,+,+,+,-,+,-,+,+,+,+,-,-,+,+,-,+,+,-,+,+,+,-,+,-,+,-,+,+,+,+,+,+,-,+,-,+,+,+,+,+,-,-,+,+,+,+,+,-,-,+,-,+,-,+,+,+,-,+,-,-
105,105,2026-01-21 12:21:10,106,13Б,Ж,1-2,-,-,+,-,-,+,+,-,+,-,+,-,-,+,+,-,+,-,+,-,+,+,+,-,+,+,-,+,+,+,-,+,+,-,+,+,+,+,+,-,-,-,-,-,+,+,+,-,-,+,-,+,-,+,+,-,-,-,-,+,+,+,-,-,-,+,-,+,-,+,-,-,-,-,-,-
106,106,2026-01-21 12:22:18,107,13Б,Ж,0,-,-,+,+,+,+,-,-,+,+,+,-,-,+,-,+,-,-,-,+,-,-,+,-,-,-,-,-,-,-,-,+,+,-,+,-,+,-,-,-,+,-,+,+,+,+,+,-,-,-,-,-,+,+,+,-,-,-,+,-,+,-,-,-,-,-,-,-,-,-,-,-,-,+,-,+
107,107,2026-01-21 12:23:11,108,13Б,Ж,1-2,-,-,-,+,+,-,+,+,+,+,-,+,+,-,-,+,+,+,+,+,+,-,+,-,+,-,+,+,-,+,-,+,+,-,-,+,-,+,+,-,+,+,-,+,+,+,-,-,-,+,-,-,-,-,+,+,-,-,-,+,+,+,-,-,-,-,+,-,-,-,+,+,+,-,+,+
108,108,2026-01-21 12:23:20,109,13Б,Ж,1-2,-,+,+,+,-,+,+,-,+,-,+,-,-,+,-,+,+,+,+,+,-,-,-,-,-,+,-,+,-,-,+,-,+,+,+,-,+,-,+,-,+,+,-,-,+,-,-,+,+,-,-,+,-,+,-,-,+,+,-,+,+,+,-,-,-,+,-,+,+,+,-,-,-,+,+,+
109,109,2026-01-21 12:24:53,110,13Б,Ч,0,-,-,-,+,-,-,+,+,+,-,+,+,+,+,-,+,-,+,-,-,+,-,-,+,-,+,-,+,+,-,-,-,-,-,+,-,-,-,-,-,-,-,-,-,+,+,-,-,-,-,-,-,-,-,+,-,-,+,-,-,-,-,+,+,-,-,-,-,+,-,-,+,-,-,-,-
110,110,2026-01-21 12:26:06,111,13Б,Ж,0,-,-,-,+,-,-,-,-,+,-,-,-,-,-,-,+,+,-,+,+,+,+,+,+,-,+,+,+,+,+,-,+,+,-,+,+,-,+,+,-,+,-,-,+,+,+,+,+,+,-,+,-,+,+,+,-,-,-,+,+,-,+,+,-,-,-,+,+,-,-,-,-,+,+,+,+
111,111,2026-01-21 12:26:41,112,13Б,Ж,1-2,-,-,-,-,-,-,+,-,+,-,-,+,-,-,+,-,-,+,+,+,-,+,+,+,+,-,+,+,-,+,-,+,+,-,+,+,+,+,+,+,+,-,+,+,-,+,-,+,-,-,+,-,-,-,+,-,+,-,+,+,-,+,-,+,+,-,+,-,-,-,+,+,-,-,+,-
112,112,2026-01-21 12:27:44,113,13Б,Ж,1-2,-,-,-,+,-,-,+,-,-,-,+,+,-,-,-,+,-,-,-,-,-,-,-,-,-,+,+,-,-,+,-,+,-,-,+,+,+,-,-,+,+,+,-,-,+,+,+,-,-,+,-,-,-,-,-,-,-,-,-,-,+,-,-,-,-,+,-,-,-,+,-,-,-,-,-,+
113,113,2026-01-21 12:27:54,114,13Б,Ж,1-2,-,-,-,+,-,-,+,-,-,-,+,+,-,-,-,+,-,-,-,-,-,-,-,-,-,+,+,-,-,+,-,+,-,-,+,+,+,-,-,+,+,+,-,-,+,+,+,-,-,+,-,-,-,-,-,-,-,-,-,-,+,-,-,-,-,+,-,-,-,+,-,-,-,-,-,+
114,114,2026-01-21 12:27:58,115,13Б,Ч,3,-,-,-,+,-,+,-,+,+,+,-,-,-,+,-,-,+,-,-,-,-,+,-,-,+,+,+,+,-,-,-,-,+,-,+,+,+,+,+,-,+,+,-,+,+,-,-,-,-,-,-,-,-,-,+,+,-,-,+,-,-,+,-,+,-,+,+,+,-,-,+,-,+,-,+,+
115,115,2026-01-21 12:28:14,116,13Б,Ч,0,-,-,-,-,+,+,-,+,-,+,-,-,+,+,+,+,-,+,+,+,+,-,+,-,-,-,-,+,+,+,-,+,-,+,+,+,+,-,+,-,+,+,-,+,+,+,+,+,+,-,-,-,-,+,+,-,-,+,-,+,-,-,+,+,+,+,+,+,+,-,-,+,+,+,+,+
116,116,2026-01-21 12:28:16,117,13Б,Ч,4-5,-,-,-,-,+,+,+,-,-,-,-,-,-,+,-,+,-,-,+,-,+,-,+,-,-,+,-,+,+,+,-,-,-,+,-,+,+,-,+,-,+,-,-,+,-,-,+,+,+,-,-,-,-,-,+,+,-,+,-,+,-,-,+,-,+,+,-,+,-,-,-,+,-,+,+,-
117,117,2026-01-21 12:28:17,118,13Б,Ч,4-5,-,-,-,-,-,-,+,+,+,-,+,+,-,+,-,-,-,+,-,-,-,-,-,-,-,+,-,+,-,-,-,+,-,-,-,-,+,-,-,-,+,-,-,-,-,+,+,-,-,-,-,-,-,-,+,+,-,+,-,-,-,+,+,+,-,+,-,-,+,+,+,-,-,+,-,-
118,118,2026-01-21 12:28:18,119,13Б,Ч,4-5,-,-,-,+,-,-,-,-,-,-,+,+,-,+,-,-,-,-,-,-,-,-,-,+,-,+,-,+,-,-,-,+,-,-,-,-,+,-,-,-,+,-,-,-,-,+,+,-,-,-,-,-,-,+,+,+,-,+,-,-,-,+,+,-,+,+,-,-,+,+,+,-,-,+,-,-
119,119,2026-01-21 12:29:12,120,13Б,Ч,1-2,-,-,+,-,-,-,-,-,-,-,+,-,+,-,-,+,+,-,-,-,+,-,-,-,-,+,-,+,-,+,+,+,+,-,-,+,+,+,-,+,+,+,+,+,+,+,-,+,-,-,-,-,+,-,+,-,-,-,-,+,+,+,+,-,-,-,-,-,-,+,-,+,-,+,+,+
120,120,2026-01-21 12:29:29,121,13Б,Ж,0,-,+,-,-,-,-,+,-,+,+,-,-,-,-,-,+,-,-,+,+,-,-,-,+,-,+,+,+,-,+,-,-,+,+,-,-,+,-,+,-,+,+,-,+,+,-,-,+,+,+,+,+,-,+,-,+,+,+,+,+,+,+,-,+,+,-,+,+,-,+,+,+,-,+,+,+
121,121,2026-01-21 12:29:35,122,13Б,Ч,0,-,+,-,+,+,+,+,-,-,+,-,+,+,-,+,+,+,+,-,+,+,+,+,-,-,+,+,+,-,+,-,+,+,-,-,+,+,+,+,-,+,-,-,+,+,+,+,-,+,-,+,+,+,-,+,+,+,+,+,+,+,+,+,+,+,-,+,+,+,+,+,-,+,+,+,+
122,122,2026-01-21 12:31:41,123,13Б,Ж,0,-,-,-,-,-,-,+,+,+,+,-,+,-,+,-,+,+,+,+,-,+,-,+,+,+,-,-,+,-,+,-,+,+,-,+,-,+,-,+,-,-,-,-,+,-,+,-,+,-,-,-,-,-,+,+,-,-,-,-,+,+,+,+,-,-,-,+,+,-,+,-,-,-,+,+,-
123,123,2026-01-21 12:34:04,124,13Б,Ч,3,-,-,+,+,-,-,-,-,+,-,+,-,+,+,-,+,+,-,-,+,-,-,-,-,+,+,-,-,-,+,-,+,+,+,-,+,+,-,+,-,+,+,-,+,+,+,-,+,-,-,-,-,+,+,+,+,-,-,-,-,-,-,-,-,-,+,+,-,-,+,-,-,-,-,+,+
124,124,2026-01-21 12:34:32,125,13Б,Ч,1-2,-,-,-,-,-,-,+,-,+,-,-,+,-,-,-,-,-,-,-,-,+,-,-,-,-,+,-,+,-,+,-,-,-,+,-,-,+,-,+,-,+,+,-,-,-,+,+,-,-,-,-,-,-,+,+,+,-,-,-,-,+,-,+,-,-,-,-,-,+,-,-,-,-,+,-,+
125,125,2026-01-23 13:22:08,126,12Б,Ж,1-2,-,+,-,+,+,+,+,-,-,-,-,-,+,-,+,+,+,+,+,+,+,+,+,+,-,+,-,+,+,+,+,+,+,+,+,+,-,+,+,-,+,-,-,+,-,+,+,+,+,-,+,+,-,+,+,-,+,+,+,+,+,-,+,+,+,-,+,+,+,-,-,+,-,+,-,-
126,126,2026-01-23 13:25:37,127,12Б,Ж,0,-,-,-,+,+,-,+,+,+,+,-,-,+,+,+,+,-,-,+,+,+,+,+,+,+,-,-,+,+,+,-,+,+,+,+,+,-,-,+,-,+,-,-,+,-,+,+,+,-,-,+,+,-,+,+,-,-,-,-,+,+,+,-,-,+,+,-,-,+,-,+,-,-,+,+,-
127,127,2026-01-23 13:26:47,128,12Б,Ч,0,-,-,-,-,-,+,+,-,+,+,-,+,-,+,-,-,+,-,+,+,+,-,-,-,+,+,+,+,+,+,+,+,+,+,+,+,-,+,+,-,+,-,+,+,-,+,+,+,-,-,-,-,+,+,+,-,+,-,+,-,+,+,+,-,-,-,-,+,+,+,-,-,-,-,+,+
128,128,2026-01-23 13:27:26,129,12Б,Ж,1-2,-,-,-,+,-,+,+,+,-,-,+,+,-,-,+,-,-,-,-,-,+,-,-,-,+,-,-,-,-,+,-,-,+,+,+,-,-,-,-,+,+,-,-,-,-,-,+,-,-,+,-,-,-,+,-,+,-,-,-,+,-,-,-,-,+,-,-,-,-,-,-,-,-,-,+,-
129,129,2026-01-23 13:27:41,130,12Б,Ч,3,-,-,+,-,-,+,-,-,+,+,+,+,+,+,-,+,-,+,-,+,+,-,+,-,-,+,-,+,+,+,-,+,+,+,+,+,+,+,+,+,+,+,-,+,-,+,-,+,-,-,+,-,-,+,+,-,+,-,-,+,+,+,-,-,+,-,-,+,-,+,+,+,-,+,+,-
130,130,2026-01-23 13:28:02,131,12Б,Ч,3,-,-,-,-,-,+,+,-,-,-,+,-,+,+,-,+,-,-,-,-,+,-,+,+,-,+,+,+,+,-,-,-,+,+,+,-,-,-,+,-,+,-,-,-,-,+,-,+,+,-,-,-,-,+,-,+,+,+,+,+,+,+,+,+,+,-,-,+,+,+,+,+,-,+,+,-
131,131,2026-01-23 13:28:32,132,12Б,Ч,0,-,-,-,-,-,-,-,-,+,-,-,-,-,-,-,+,-,-,+,+,-,-,-,+,+,+,-,+,-,+,-,-,+,+,+,-,+,-,-,-,+,-,-,+,-,-,+,-,-,-,-,-,-,+,+,+,-,+,-,+,-,+,+,+,+,-,-,-,+,-,+,+,-,+,-,+
132,132,2026-01-23 13:28:40,133,12Б,Ж,1-2,-,-,-,+,+,-,+,+,-,-,+,+,-,+,+,+,-,+,+,-,-,+,-,-,-,-,+,-,-,+,+,+,-,+,-,-,+,+,+,-,+,-,-,+,-,+,-,+,-,+,-,-,-,+,-,+,-,-,+,+,-,-,+,-,+,-,-,+,+,-,+,+,-,+,-,-
133,133,2026-01-23 13:28:56,134,12Б,Ж,0,-,-,-,-,-,-,-,-,-,-,-,+,-,+,-,+,-,+,+,+,-,-,+,-,-,-,-,-,+,-,-,-,-,+,+,-,+,-,-,+,+,+,-,-,-,+,-,-,-,-,-,-,-,+,-,-,-,-,-,+,-,-,-,-,-,+,+,-,-,+,+,-,+,+,+,-
134,134,2026-01-23 13:29:18,135,12Б,Ж,0,-,-,-,+,+,-,-,-,-,+,+,+,+,-,+,+,-,-,-,+,+,-,-,+,-,+,-,+,-,-,-,+,+,+,+,+,+,+,+,-,+,+,-,+,-,+,-,+,-,-,-,+,-,+,+,+,-,-,-,+,+,+,+,+,+,-,-,+,-,-,-,+,-,-,+,-
135,135,2026-01-23 13:29:24,136,12Б,Ж,3,-,-,-,+,-,-,-,-,-,+,+,+,-,+,-,-,-,-,-,-,+,-,-,-,-,+,+,+,+,-,-,-,+,+,-,+,+,-,-,+,+,-,-,-,-,+,-,-,-,-,-,-,-,+,-,-,-,-,-,+,+,+,-,+,-,+,-,-,-,-,-,-,-,-,+,-
136,136,2026-01-23 13:31:44,137,12Б,Ч,1-2,-,-,+,+,+,+,+,-,-,+,+,-,-,+,+,+,-,+,-,-,-,+,+,-,+,+,+,+,-,-,-,+,+,+,+,-,+,+,+,+,+,-,+,+,+,+,+,-,+,-,+,+,+,+,-,+,-,-,+,+,+,-,+,+,+,-,-,+,+,+,+,-,+,-,+,+
137,137,2026-01-23 13:32:57,138,12Б,Ж,4-5,-,-,-,+,-,+,+,-,-,+,+,-,-,+,+,+,+,-,-,+,+,-,+,-,+,+,+,+,+,+,+,+,+,+,-,-,+,-,+,-,+,+,+,+,-,+,-,+,+,-,+,+,-,+,+,-,+,+,+,+,+,+,-,+,-,+,+,+,+,-,+,-,+,+,+,+
138,138,2026-01-23 13:34:22,139,12Б,Ж,3,-,-,-,-,+,-,+,-,+,-,+,-,-,-,-,+,-,-,+,-,+,-,-,-,-,+,-,-,+,+,+,+,-,+,+,+,+,-,-,-,+,-,-,-,+,+,-,-,-,-,-,-,-,+,+,+,-,-,-,-,+,+,+,+,+,-,-,-,-,+,+,-,-,+,-,-
139,139,2026-01-23 13:37:57,140,12Б,Ч,0,-,-,-,+,-,-,+,+,+,-,-,-,-,+,-,+,+,-,+,+,-,-,+,-,+,+,+,+,-,+,-,-,+,+,+,-,-,+,-,-,+,+,+,+,-,+,-,+,-,-,+,-,-,-,+,+,+,+,+,+,+,+,+,+,+,-,+,+,+,-,-,-,+,+,+,+
140,140,2026-01-23 13:38:04,141,12Б,Ж,5-6,-,-,-,+,-,+,+,-,-,+,-,-,-,+,+,+,+,+,+,-,+,+,+,-,-,-,+,+,-,+,-,-,+,-,+,+,+,-,+,+,+,+,-,+,+,+,+,+,-,+,-,-,-,-,+,-,-,-,+,+,-,-,-,-,+,+,+,+,+,+,+,+,-,-,+,+
141,141,2026-01-27 09:35:33,142,13А,Ж,0,-,+,-,+,-,+,+,+,-,-,-,-,+,+,+,+,+,-,+,+,+,+,+,-,+,-,-,+,+,+,-,+,-,+,+,+,+,+,+,-,+,-,+,+,+,+,-,+,-,-,+,+,+,-,+,-,+,-,+,+,-,-,+,-,-,-,-,+,-,-,-,-,+,+,+,-
142,142,2026-01-27 09:41:30,143,13А,Ж,0,-,-,+,+,-,-,-,-,+,+,+,+,+,-,-,-,+,-,-,-,-,-,-,+,-,+,-,+,+,-,-,+,-,-,+,-,+,+,+,-,+,-,+,-,+,+,-,+,-,+,-,-,-,+,+,-,-,-,-,+,+,+,+,-,-,-,-,-,-,-,+,-,-,+,-,-
143,143,2026-01-27 09:43:15,144,13А,Ж,4-5,-,+,-,-,-,+,-,+,+,+,+,+,+,+,+,-,+,+,-,-,+,-,-,+,-,-,-,+,-,+,-,+,+,+,+,-,-,-,-,-,+,-,+,+,+,+,-,+,-,+,-,-,-,+,+,-,-,-,-,-,-,+,+,-,+,-,-,-,-,+,-,-,-,+,-,+
144,144,2026-01-27 09:43:28,145,13А,Ч,5-6,-,-,-,+,-,-,+,-,-,-,-,-,+,-,+,+,-,-,+,-,-,-,-,-,+,+,+,-,+,-,-,+,+,+,-,-,+,-,-,-,+,-,-,+,+,+,-,-,+,+,-,-,-,+,+,+,-,-,-,+,+,+,+,+,-,+,-,-,+,+,-,+,-,+,-,-
145,145,2026-01-27 09:43:33,146,13А,Ч,0,-,-,-,+,+,+,+,-,+,-,+,+,+,-,+,+,+,+,-,-,-,-,+,-,-,-,-,+,-,+,-,+,+,+,+,+,-,-,+,-,+,-,-,+,+,+,-,+,-,-,-,-,-,+,+,-,-,-,-,+,-,+,+,-,+,-,+,-,+,+,-,+,+,+,+,+
146,146,2026-01-27 09:45:08,147,13А,Ч,0,-,+,-,-,-,-,+,+,-,+,+,+,+,-,+,-,+,+,+,-,-,-,+,-,-,-,+,+,+,-,-,+,+,-,+,-,+,-,+,-,+,-,-,-,-,+,+,+,-,+,-,-,-,+,+,+,+,+,-,-,-,-,+,+,-,+,-,-,+,+,-,-,+,+,-,+
147,147,2026-01-27 09:46:02,148,13А,Ж,5-6,-,-,+,+,-,+,+,+,+,-,-,+,+,+,+,+,-,-,+,+,-,+,+,+,-,+,-,+,+,+,+,+,+,-,+,-,-,+,+,-,+,+,+,+,-,+,+,+,-,-,+,-,-,+,+,+,+,+,+,+,+,+,+,-,+,+,+,+,+,+,-,+,+,+,+,-
148,148,2026-01-27 09:47:14,149,13А,Ж,4-5,-,+,+,+,+,+,+,+,+,-,-,+,+,+,+,+,-,-,+,+,+,-,-,+,+,-,-,+,+,+,-,+,+,+,+,-,-,+,+,-,+,-,+,+,-,+,+,+,-,-,-,+,+,+,+,-,+,-,-,+,+,+,+,+,+,-,-,+,-,-,+,-,-,+,+,-
149,149,2026-01-27 09:48:07,150,13А,Ж,1-2,-,-,-,-,-,-,+,-,-,-,+,+,-,-,+,-,-,-,-,-,+,-,-,-,-,-,+,-,-,+,-,+,+,+,+,+,+,-,-,+,+,+,+,+,+,-,+,-,-,-,-,-,-,+,+,+,-,-,-,+,+,-,+,+,-,-,+,-,-,+,+,-,-,+,+,-
150,150,2026-01-27 09:48:18,151,13А,Ч,3,-,-,-,-,-,-,+,-,-,-,+,+,+,-,+,+,+,-,-,+,+,-,+,+,-,+,-,+,+,+,-,+,-,+,-,+,+,-,+,-,+,-,-,+,-,+,-,+,+,-,+,-,-,-,-,-,-,-,+,-,-,+,-,-,+,+,-,-,+,+,+,-,-,+,+,-
151,151,2026-01-27 09:49:12,152,13А,Ж,4-5,-,-,-,+,+,-,+,+,-,-,-,+,-,+,+,+,+,-,+,-,+,-,-,+,-,+,-,+,+,+,-,+,+,+,+,-,+,-,+,-,+,-,-,+,-,+,-,-,-,-,-,-,+,+,+,-,-,-,-,+,+,-,-,-,-,-,-,-,-,+,+,-,-,+,+,-
152,152,2026-01-27 09:49:15,153,13А,Ж,0,-,-,+,+,+,-,+,-,+,+,-,+,+,+,-,-,-,+,+,-,-,-,-,-,-,-,+,+,-,-,+,-,+,-,+,+,+,-,-,-,+,+,-,+,+,+,-,-,-,-,-,-,-,+,+,-,-,-,-,+,+,+,-,+,+,-,+,-,-,-,+,-,-,+,+,-
153,153,2026-01-27 09:49:26,154,13А,Ж,1-2,-,-,-,-,+,-,+,-,+,+,+,+,-,-,+,-,-,+,-,-,-,-,-,-,-,-,+,+,-,+,-,+,-,+,-,-,-,+,-,+,+,+,+,-,+,+,-,-,-,+,-,-,-,-,+,-,-,-,-,-,-,+,-,-,-,+,+,-,-,-,+,-,+,-,+,+
154,154,2026-01-27 09:49:29,155,13А,Ч,3,-,-,-,-,-,-,+,-,-,+,-,+,-,-,-,+,-,-,+,+,+,+,+,+,-,-,-,-,+,+,-,+,+,+,+,+,+,-,+,-,+,+,-,+,+,-,-,+,-,-,-,-,-,-,-,-,-,-,+,+,+,+,-,-,+,+,+,+,-,+,-,+,+,+,+,+
155,155,2026-01-27 09:49:29,156,13А,Ж,4-5,-,-,-,-,+,-,+,-,-,-,-,+,-,+,+,+,+,+,+,-,+,-,-,+,-,-,-,+,+,+,+,+,-,+,+,+,+,+,-,-,+,+,+,+,+,+,-,-,-,-,-,+,-,+,+,-,+,-,-,+,-,-,-,+,+,-,-,-,-,-,-,-,-,+,+,-
156,156,2026-01-27 11:49:39,157,15В,Ж,4-5,-,-,+,-,+,-,+,-,-,+,-,-,+,-,+,+,-,+,+,+,+,-,-,+,+,-,-,-,-,+,-,+,-,-,+,+,+,-,-,-,+,+,+,+,+,+,+,-,-,+,-,+,-,-,+,-,-,-,-,+,-,-,-,-,+,-,+,-,-,+,+,+,-,+,-,+
157,157,2026-01-27 20:29:52,158,13А,Ж,0,-,+,-,+,+,+,-,+,+,+,-,+,+,-,+,+,+,-,-,+,+,+,+,+,+,+,-,+,+,+,-,+,-,+,-,-,-,+,+,+,-,-,+,+,-,+,-,+,-,+,+,+,+,+,+,-,-,-,+,+,+,+,+,-,-,+,+,+,-,-,-,-,-,+,+,-
158,158,2026-01-28 14:19:15,159,15А,Ч,0,-,-,+,-,-,-,-,-,-,-,-,-,+,-,+,+,-,-,-,-,-,+,-,-,-,-,-,-,-,+,-,+,+,-,-,-,-,-,-,+,-,+,+,-,-,+,-,-,-,-,+,-,-,+,+,-,+,-,-,+,-,-,+,+,-,+,-,+,+,-,+,+,+,+,+,+
159,159,2026-01-28 14:20:30,160,15А,Ж,0,-,+,+,+,+,-,+,-,-,-,-,+,+,-,+,+,-,-,+,+,+,+,-,+,+,+,+,-,+,+,-,-,-,+,+,-,-,-,-,-,-,-,+,+,+,+,+,+,+,-,+,+,-,+,+,-,+,+,+,+,-,-,-,+,+,+,-,+,+,-,-,-,-,+,+,-
160,160,2026-01-28 14:20:37,161,15А,Ж,1-2,-,-,+,+,-,+,+,-,+,-,+,+,-,-,-,+,-,+,+,+,-,-,+,+,-,+,-,-,-,+,+,+,+,+,+,+,+,-,-,+,+,+,+,+,+,-,-,+,-,-,+,+,-,+,+,+,-,+,-,-,+,+,-,-,+,-,-,-,-,+,-,-,-,+,+,-
161,161,2026-01-28 14:23:35,162,15А,Ж,0,-,+,+,+,+,-,+,+,+,+,-,-,-,-,+,+,+,-,-,-,-,+,+,+,+,+,-,+,+,+,-,+,+,+,+,+,+,+,+,-,+,+,+,+,-,+,-,-,-,+,-,-,-,-,+,-,+,-,+,+,+,+,+,-,+,-,+,+,+,-,-,+,-,+,+,+
162,162,2026-01-28 14:23:58,163,15А,Ж,0,-,-,+,+,+,-,-,-,-,+,+,+,-,+,+,-,+,+,+,+,+,-,-,-,+,-,-,+,-,-,+,+,+,-,+,-,+,-,+,-,+,+,+,-,-,+,+,-,-,+,-,-,-,+,+,-,-,-,-,+,+,+,-,+,-,+,+,-,-,+,-,-,-,+,+,+
163,163,2026-01-28 14:25:43,164,15А,Ч,0,-,+,-,+,+,-,+,+,-,-,+,+,+,-,-,+,-,-,-,-,+,-,+,-,+,+,-,+,+,-,-,+,+,+,+,+,-,-,-,-,+,-,+,+,+,+,+,-,+,-,-,+,-,+,-,+,-,-,-,+,-,+,+,-,+,-,-,+,+,+,+,-,-,+,+,-
164,164,2026-01-28 14:30:27,165,15А,Ч,1-2,-,-,-,+,+,-,-,-,-,-,-,-,+,-,-,+,-,-,-,-,-,-,-,-,+,+,-,+,-,-,-,-,+,+,+,+,+,-,-,-,+,-,-,+,+,+,-,-,-,-,-,-,-,-,+,-,-,+,-,-,+,-,+,-,+,-,-,-,-,-,+,-,-,+,-,+
165,165,2026-01-28 14:30:55,166,15А,Ч,4-5,-,-,-,+,-,+,-,-,-,-,-,-,-,-,+,-,-,-,+,+,-,+,+,-,+,-,-,+,-,-,-,+,+,-,-,-,+,+,+,+,+,+,+,+,+,+,+,+,-,+,+,-,-,-,-,-,-,+,+,-,+,+,+,+,-,+,+,+,+,-,-,-,-,+,+,+
166,166,2026-01-28 14:31:02,167,15А,Ж,0,-,-,-,+,-,-,+,-,+,+,+,+,-,+,-,-,-,+,-,-,-,-,+,-,-,-,+,-,-,+,-,-,+,-,+,+,+,-,+,+,+,+,-,+,+,-,-,+,-,+,-,+,-,-,+,-,-,-,-,-,+,+,-,-,-,+,+,+,-,+,+,-,+,-,+,+
167,167,2026-01-28 14:31:27,168,15А,Ж,1-2,-,-,+,+,-,-,-,-,+,+,-,-,-,-,-,-,+,+,+,-,-,-,-,+,-,+,-,+,+,+,-,-,+,+,+,-,-,+,+,-,+,-,+,+,-,-,+,-,-,-,-,-,-,+,+,-,+,-,+,-,+,+,+,+,-,+,+,+,-,-,-,+,-,+,+,+
168,168,2026-01-28 14:35:54,169,15А,Ч,1-2,-,-,-,-,+,-,+,-,-,-,+,-,-,-,+,+,-,-,-,+,-,-,+,-,+,+,+,-,+,+,+,+,-,+,+,+,+,-,-,-,+,-,-,+,-,+,-,-,-,-,+,-,-,-,+,-,-,+,-,-,-,+,+,-,+,-,-,-,+,+,-,-,-,+,-,-
169,169,2026-01-28 14:36:11,170,15А,Ч,0,-,-,-,+,-,-,-,+,+,+,+,-,-,-,+,+,+,+,-,-,-,+,-,-,+,-,-,-,+,-,-,+,+,-,+,+,+,+,+,-,+,+,-,-,+,+,-,+,+,-,-,-,-,-,+,-,+,-,-,+,-,+,-,+,+,-,+,+,-,-,+,-,+,-,+,+
170,170,2026-01-28 14:36:44,171,15А,Ч,3,-,-,+,-,-,+,-,-,+,-,+,-,-,+,-,-,+,-,-,+,-,-,-,+,+,+,-,+,-,+,-,+,+,+,+,-,-,+,+,-,+,+,+,+,+,-,-,-,-,-,-,-,-,-,+,+,-,-,-,+,-,+,+,-,+,+,-,+,-,-,-,-,-,-,+,+
171,171,2026-01-28 14:36:51,172,15А,Ч,3,-,-,-,+,-,+,-,-,+,+,+,-,-,+,-,+,+,-,-,+,-,-,-,-,+,+,+,-,-,-,-,+,+,+,+,-,-,+,-,+,+,+,-,+,+,-,-,+,-,-,-,-,-,-,+,+,-,-,-,-,+,+,+,-,+,+,-,+,-,+,-,-,-,-,-,+
172,172,2026-01-29 12:41:21,173,15В,Ч,4-5,-,+,-,+,-,-,+,+,+,-,-,+,+,+,-,+,+,+,-,+,+,-,+,+,-,+,+,+,+,+,+,+,+,+,+,+,+,+,+,+,+,+,+,+,+,+,+,+,+,+,+,+,+,+,+,+,+,+,+,+,+,+,+,+,+,+,+,+,+,+,+,+,+,+,+,+
173,173,2026-01-29 12:41:54,174,15В,Ч,1-2,-,-,-,-,+,+,+,+,+,-,-,-,+,-,+,+,+,-,-,+,+,+,-,+,+,-,+,-,-,-,+,-,+,-,+,-,+,-,+,-,-,+,+,-,+,-,-,+,+,+,-,-,-,+,-,-,-,-,-,+,+,+,+,-,+,-,+,+,-,-,-,-,-,-,+,+
174,174,2026-01-29 12:43:48,175,15В,Ч,3,-,+,-,+,+,+,+,+,+,+,+,+,+,+,-,+,-,+,+,+,-,-,-,+,+,-,-,+,+,+,-,-,-,+,+,+,+,+,+,+,+,-,-,+,+,+,+,+,-,+,+,+,+,-,+,-,-,+,-,-,+,-,-,-,+,+,-,+,+,+,-,-,-,+,-,-
175,175,2026-01-29 12:44:43,176,15В,Ж,1-2,-,+,-,-,+,+,+,+,+,-,-,-,+,+,+,+,+,-,+,-,+,+,+,+,-,-,-,+,+,+,-,+,+,+,+,+,-,+,+,-,-,-,+,+,-,+,+,+,-,-,-,+,+,-,+,-,+,+,+,+,-,+,+,+,+,-,-,-,+,-,-,-,-,+,+,-
176,176,2026-01-29 12:44:51,177,15В,Ж,1-2,-,+,-,+,+,-,+,+,+,-,-,-,+,+,+,+,+,+,+,-,+,+,+,+,+,+,-,+,+,+,-,+,+,+,+,+,+,+,+,-,-,-,+,+,-,+,+,+,+,-,+,+,+,+,+,-,+,-,+,+,+,+,+,+,+,-,+,+,+,-,-,+,+,+,+,-
177,177,2026-01-29 12:45:56,178,15В,Ж,1-2,-,-,+,+,-,-,+,-,+,+,+,+,-,-,-,-,+,+,-,-,-,-,+,-,+,+,+,+,-,+,-,+,+,-,+,-,+,-,+,+,+,+,+,+,-,+,+,+,-,-,+,+,-,+,+,-,-,-,-,+,+,+,-,-,+,-,+,+,-,-,+,-,+,+,+,+
178,178,2026-01-29 12:46:29,179,15В,Ж,0,-,-,-,+,-,-,+,+,+,-,-,+,-,+,-,+,+,+,+,-,+,-,+,-,+,+,+,+,-,-,-,+,+,+,+,-,+,-,-,-,+,-,+,-,-,+,+,+,-,-,-,-,-,+,+,-,-,-,-,+,+,+,-,+,+,-,-,-,-,+,+,-,-,+,-,-
179,179,2026-01-29 12:46:40,180,15В,Ж,3,-,-,-,-,-,+,+,-,+,+,-,+,-,+,-,-,+,-,-,-,-,-,-,-,-,-,-,+,-,+,-,+,+,-,+,-,-,-,+,+,+,-,+,+,+,+,-,+,-,+,-,+,+,+,+,-,-,-,-,+,-,+,-,-,-,-,-,-,-,+,-,-,-,+,+,-
180,180,2026-01-29 12:47:32,181,15В,Ч,3,-,+,-,-,+,-,+,-,-,-,-,-,-,+,-,-,+,+,-,+,-,-,-,-,-,+,-,+,-,+,+,-,+,+,+,+,-,-,+,-,+,-,-,+,+,-,+,-,+,+,-,+,-,+,+,-,-,+,-,+,-,-,+,+,-,-,-,-,+,-,-,-,-,+,+,+
181,181,2026-01-29 12:47:43,182,15В,Ч,0,-,-,-,+,-,+,+,-,+,-,+,+,+,-,+,+,-,+,+,-,+,-,+,+,-,+,-,+,+,-,-,+,+,-,+,-,-,+,+,-,+,-,+,+,+,-,+,+,+,+,-,-,-,+,+,-,-,-,+,-,+,+,+,+,-,-,-,+,+,+,-,-,-,+,-,+
182,182,2026-01-29 12:47:53,183,15В,Ж,3,-,-,-,+,-,-,+,+,-,-,-,+,-,+,+,+,-,+,+,-,+,-,+,+,-,+,-,+,-,+,+,-,+,+,+,-,+,-,+,-,+,+,+,+,-,+,+,+,+,-,+,-,-,+,+,-,+,-,+,+,-,+,+,+,+,+,-,+,-,-,+,+,-,+,+,-
183,183,2026-01-29 12:47:57,184,15В,Ч,4-5,-,-,-,+,-,-,-,+,-,+,+,+,-,+,+,+,+,-,-,-,-,-,-,-,-,+,-,-,-,-,-,-,+,-,+,-,+,-,-,+,+,+,-,-,-,-,-,-,-,-,-,-,-,-,+,-,+,-,-,-,-,-,-,+,-,-,+,-,-,+,+,-,+,-,-,+
184,184,2026-01-29 12:48:16,185,15В,Ж,1-2,-,-,+,-,+,-,-,+,+,+,-,+,+,-,-,+,+,+,-,-,+,-,-,-,-,-,-,-,-,-,+,+,-,-,-,-,+,-,-,-,+,-,-,+,-,-,-,-,-,-,-,-,-,-,-,-,-,-,-,-,-,+,-,-,-,-,-,-,-,-,-,-,-,-,-,-
185,185,2026-01-29 12:48:36,186,15В,Ж,3,-,+,-,-,+,-,+,+,+,-,-,+,-,+,+,+,+,-,+,+,+,+,-,-,+,+,+,+,-,+,-,+,+,+,+,-,+,+,-,-,+,-,-,+,-,+,-,-,-,-,+,-,-,+,-,-,+,-,+,+,-,+,-,-,+,-,-,+,+,+,+,+,+,+,-,-
186,186,2026-01-29 12:48:45,187,15В,Ч,0,-,-,-,-,+,+,-,+,+,-,+,+,+,-,+,+,-,+,+,-,+,-,-,-,-,+,+,+,+,-,-,+,+,+,+,+,+,-,-,-,+,-,+,+,-,+,+,-,+,+,-,-,-,+,+,-,-,+,-,+,+,+,+,+,-,-,-,-,+,+,-,-,-,-,-,+
187,187,2026-01-29 12:48:48,188,15В,Ж,4-5,-,-,-,+,+,-,-,+,+,-,+,-,-,+,-,+,-,-,+,+,-,-,-,-,+,+,-,-,-,+,-,+,+,-,+,-,-,-,+,-,-,+,-,+,-,-,+,+,-,-,-,+,-,+,+,-,-,-,-,+,-,+,+,-,-,-,-,-,-,-,-,-,+,+,+,-
188,188,2026-01-29 12:49:21,189,15В,Ч,0,-,-,-,-,-,-,+,+,+,+,+,-,-,-,-,-,+,-,-,+,-,+,+,-,-,-,+,-,-,+,-,+,+,+,+,+,+,-,+,+,+,-,+,-,+,+,+,-,-,+,-,-,+,-,+,-,-,-,-,-,-,+,-,-,-,-,-,-,-,-,+,+,-,+,+,+
189,189,2026-01-29 12:51:24,190,15В,Ч,4-5,-,-,+,-,+,-,+,+,+,-,+,+,+,-,-,-,+,-,-,-,+,-,-,-,-,+,-,+,+,-,-,+,+,+,+,-,-,-,-,-,+,-,-,-,+,+,-,-,-,-,-,-,+,+,+,-,-,-,-,-,+,+,+,-,+,+,-,-,+,+,-,-,-,+,-,+
190,190,2026-01-29 12:51:52,191,15В,Ч,0,-,+,-,+,-,-,-,-,-,-,-,-,+,+,-,+,+,+,+,-,+,-,-,-,+,+,-,+,+,+,+,+,+,+,-,-,+,+,+,+,+,+,+,-,-,+,+,+,-,-,-,-,-,+,+,+,-,-,-,+,+,+,+,-,-,+,-,-,+,+,-,+,-,+,+,+
191,191,2026-01-29 12:53:03,192,15В,Ж,5-6,-,-,+,+,-,-,+,-,-,-,-,+,+,-,-,+,+,+,+,+,+,-,-,+,-,-,-,+,+,+,+,+,+,-,+,-,+,+,+,-,+,+,+,+,+,+,+,+,-,-,-,+,-,+,+,-,+,-,+,+,-,-,+,-,+,+,-,-,-,-,-,-,-,+,+,-
192,192,2026-01-29 12:56:15,193,15В,Ч,1-2,-,-,-,-,-,-,+,-,+,-,+,+,-,+,-,-,-,+,-,-,-,-,-,-,-,-,+,+,-,-,-,-,-,+,+,+,+,-,-,-,+,+,-,-,+,+,-,-,-,-,-,-,-,+,+,-,-,-,-,-,-,+,+,-,-,-,-,-,-,+,-,+,-,-,+,-
193,193,2026-01-30 12:25:05,194,13В,Ч,3,-,+,-,+,+,-,-,+,-,+,-,-,-,+,+,-,-,+,+,-,-,+,-,-,+,-,+,+,+,-,+,+,-,-,-,-,+,+,+,-,-,+,+,+,+,-,-,+,+,-,-,-,+,+,-,+,+,-,+,+,-,+,-,+,+,+,+,+,-,+,+,+,-,+,+,-
194,194,2026-01-30 12:25:24,195,13В,Ч,0,-,-,-,+,+,+,+,+,-,-,-,-,+,-,-,+,-,-,+,+,+,+,+,+,+,+,+,+,+,+,+,+,+,+,+,+,+,+,+,+,+,+,+,+,+,+,+,+,+,+,+,+,+,+,+,+,+,+,+,+,+,+,+,+,+,+,+,+,+,+,+,+,+,+,+,+
195,195,2026-01-30 12:30:38,196,12В,Ж,0,-,-,-,-,+,-,-,+,+,+,+,+,-,-,-,-,-,-,-,-,-,-,-,-,+,-,-,-,-,-,-,+,+,-,-,+,+,-,-,+,+,+,-,-,+,+,+,-,-,+,-,-,-,-,-,+,-,-,-,+,+,+,+,-,-,+,-,-,-,+,+,-,+,-,+,-
196,196,2026-01-30 12:30:47,197,12В,Ж,3,-,-,-,-,+,-,+,+,+,-,-,+,+,-,+,+,+,-,+,+,+,+,+,+,+,+,-,+,+,+,+,+,+,+,+,+,+,+,-,-,-,-,-,+,+,+,+,-,+,-,+,+,-,-,+,+,+,-,+,+,-,+,+,+,+,-,-,-,-,+,+,+,+,+,+,-
197,197,2026-01-30 12:31:50,198,13В,Ч,1-2,-,-,-,-,-,-,-,-,-,-,-,-,-,-,-,-,-,-,-,-,-,-,-,-,-,-,-,-,-,-,-,-,-,-,-,-,-,-,-,-,-,-,-,-,-,-,-,-,-,-,-,-,-,-,-,-,-,-,-,-,-,-,-,-,-,-,-,-,-,-,-,-,-,-,-,-
198,198,2026-01-30 12:33:00,199,13В,Ж,3,-,-,-,-,-,-,+,-,-,-,+,-,+,+,-,-,-,-,-,-,-,-,-,-,-,-,+,+,-,-,+,+,-,-,+,+,+,-,-,+,-,-,-,-,+,-,+,-,-,+,-,-,-,-,-,-,-,-,-,+,-,-,-,-,-,-,-,-,-,+,+,-,-,+,-,-
199,199,2026-01-30 12:33:49,200,13В,Ч,1-2,-,+,-,+,+,-,+,-,+,+,+,-,+,+,+,+,-,+,-,-,-,-,-,+,+,+,-,+,+,+,-,+,+,+,+,-,+,+,+,+,+,-,-,-,+,+,+,-,-,+,-,-,-,-,-,-,-,-,+,+,+,+,+,-,+,-,+,-,+,+,+,+,-,+,+,-
200,200,2026-01-30 12:34:09,201,13В,Ж,3,-,-,+,+,+,+,+,+,+,-,-,+,+,+,+,+,+,+,+,+,-,+,+,+,-,-,+,+,-,+,-,-,+,-,+,+,-,+,+,+,+,-,+,+,-,-,-,+,-,-,+,+,+,-,+,-,+,-,+,+,-,+,-,+,+,-,+,+,-,-,+,-,-,+,+,+
201,201,2026-01-30 12:37:34,202,15Б,Ж,0,-,-,-,-,-,-,-,+,+,+,+,+,-,-,-,-,-,-,-,-,-,-,-,+,+,-,+,-,+,-,-,+,-,-,-,-,+,-,-,+,-,-,+,-,+,-,+,-,-,+,-,-,-,+,+,-,-,-,-,-,-,+,+,-,-,-,-,-,-,+,+,-,-,+,-,-
202,202,2026-01-30 12:38:14,203,15Б,Ч,5-6,-,-,-,-,-,+,+,+,+,-,+,-,-,+,+,+,+,-,-,-,+,-,-,-,-,+,-,+,-,-,-,+,+,+,+,+,+,-,+,-,+,-,+,+,+,-,-,+,-,+,+,+,+,-,+,-,-,-,+,+,-,+,+,-,+,+,+,+,-,-,-,+,-,-,+,+
203,203,2026-01-30 12:38:22,204,13В,Ж,0,-,-,-,+,-,-,+,-,-,+,+,+,-,-,-,-,+,-,-,+,-,+,-,-,-,-,+,-,-,+,-,+,-,-,+,+,+,-,-,+,+,+,-,+,+,+,-,-,-,+,-,+,-,+,-,-,-,-,-,-,+,+,+,-,+,+,-,-,+,-,+,+,-,-,+,+
204,204,2026-01-30 12:39:23,205,13В,Ч,5-6,-,+,-,+,+,-,-,-,+,-,+,-,-,-,-,+,+,+,+,+,+,-,-,+,-,+,-,+,+,-,-,+,+,+,+,-,-,-,+,-,+,-,+,-,+,-,+,+,+,-,+,+,-,+,+,+,-,+,-,+,+,+,+,-,-,+,-,-,-,-,+,-,-,+,+,+
205,205,2026-01-30 12:39:37,206,15Б,Ж,0,-,-,-,-,+,-,+,-,+,-,+,-,-,-,-,-,+,+,-,-,+,-,-,-,+,+,+,+,+,+,+,+,-,-,+,-,+,-,+,-,+,+,+,+,+,+,-,+,-,-,+,+,-,+,+,+,-,-,-,-,+,+,+,-,+,-,+,-,+,-,-,+,-,+,+,+
206,206,2026-01-30 12:39:40,207,15Б,Ж,3,-,-,+,-,-,-,+,+,+,+,-,+,-,-,+,+,+,-,+,-,+,+,+,-,+,-,-,+,-,+,-,+,+,+,+,+,-,+,+,-,+,-,+,+,+,+,-,+,-,-,-,+,+,+,+,-,-,-,+,+,-,+,+,+,+,+,-,+,-,-,-,-,+,+,-,-
207,207,2026-01-30 12:40:07,208,15Б,Ж,0,-,-,-,-,-,+,+,-,+,+,+,+,-,-,-,-,-,+,-,-,+,-,-,-,-,-,+,+,-,-,+,+,+,-,-,+,+,-,+,+,-,+,-,-,+,+,-,-,-,+,-,-,-,+,+,-,-,-,-,+,+,+,+,-,+,+,-,-,-,-,+,-,-,-,-,+
208,208,2026-01-30 12:40:13,209,15Б,Ч,0,-,-,+,-,-,+,+,+,+,-,-,+,+,+,-,+,+,-,+,+,+,+,+,-,+,-,-,+,+,+,-,+,-,+,+,+,+,+,+,-,+,-,-,+,-,-,+,+,-,-,+,-,+,+,+,+,+,-,+,+,-,+,+,+,+,-,+,+,+,-,+,+,+,-,-,-
209,209,2026-01-30 12:40:42,210,15Б,Ж,3,-,-,+,+,-,-,+,+,+,-,-,-,+,-,+,+,+,-,+,+,+,-,-,+,+,-,-,+,+,+,-,+,+,+,+,+,-,+,+,-,+,+,+,+,+,-,+,+,-,-,-,+,-,+,+,-,-,-,+,+,-,+,-,+,-,+,-,-,-,-,-,+,-,-,-,-
210,210,2026-01-30 12:40:42,211,15Б,Ч,4-5,-,-,+,+,+,-,+,+,+,+,-,+,+,+,+,+,+,-,+,+,-,-,+,+,+,-,+,+,+,-,-,+,+,+,+,-,+,+,+,-,+,+,+,+,+,-,+,+,-,-,-,+,+,+,+,-,+,+,-,+,-,+,-,+,+,-,+,+,+,-,-,+,+,+,+,+
211,211,2026-01-30 12:41:18,212,13В,Ч,3,-,-,+,+,+,+,-,+,+,-,+,+,-,-,-,+,-,-,-,-,+,-,-,+,+,+,-,+,+,-,-,+,-,+,+,-,-,-,-,-,+,-,-,+,-,-,+,-,-,-,-,-,-,+,+,+,-,+,-,-,+,+,+,+,+,+,-,-,-,+,-,-,-,+,+,-
212,212,2026-01-30 12:41:38,213,15Б,Ж,0,-,-,+,+,-,-,+,-,-,-,+,+,-,+,-,+,+,-,-,-,+,-,+,+,-,+,+,+,-,+,+,+,+,-,+,-,-,+,-,-,+,+,+,-,-,+,+,+,-,-,+,-,+,+,+,+,-,-,-,+,+,-,-,-,+,+,-,-,-,-,+,-,-,+,-,-
213,213,2026-01-30 12:42:01,214,13В,Ж,0,-,-,-,+,-,+,+,-,-,-,-,+,+,+,-,+,-,-,+,+,+,-,-,+,+,+,-,+,+,-,-,+,+,-,+,+,-,-,-,+,+,-,+,+,+,-,+,+,-,-,+,-,-,+,+,-,+,-,-,-,-,-,-,+,+,-,+,-,+,+,+,+,-,+,+,-
214,214,2026-01-30 12:42:23,215,13В,Ч,3,-,-,+,-,-,-,+,-,+,+,+,+,-,+,-,-,-,+,-,-,-,-,-,-,-,+,-,-,-,+,-,-,+,-,+,+,+,-,+,-,+,+,-,-,+,+,-,-,-,+,-,-,-,-,-,-,-,-,-,-,+,+,-,-,-,-,-,-,-,+,+,-,-,-,+,+
215,215,2026-01-30 12:42:24,216,13В,Ж,3,-,-,-,+,-,-,+,-,+,+,-,+,-,+,-,+,-,+,+,+,-,+,+,+,+,+,+,+,-,+,-,+,+,-,+,+,+,+,+,+,+,+,-,-,+,+,+,+,-,-,+,-,-,+,+,-,-,-,+,+,+,+,-,+,-,-,+,+,-,-,+,-,+,-,-,+
216,216,2026-01-30 12:42:30,217,15Б,Ж,0,-,-,-,+,+,+,+,-,+,+,-,+,-,+,+,+,-,-,+,+,-,+,+,+,-,-,+,+,+,+,-,-,-,+,+,+,-,-,+,-,-,-,+,+,-,+,+,+,-,-,+,+,+,+,-,-,+,-,-,+,+,+,+,-,+,+,-,+,+,+,-,-,-,+,+,-
217,217,2026-01-30 12:42:44,218,15Б,Ж,0,-,-,+,+,+,+,+,+,+,+,+,+,+,+,+,-,+,+,+,+,-,+,+,+,+,-,-,+,-,+,-,+,+,+,+,-,-,+,+,-,+,+,+,+,-,+,+,+,-,-,+,+,+,+,+,-,+,-,+,+,+,+,-,+,+,-,-,+,-,-,+,+,+,+,+,+
218,218,2026-01-30 12:42:49,219,15Б,Ч,0,-,+,-,+,+,-,+,-,-,-,+,-,-,+,+,+,+,+,-,+,+,+,+,-,-,+,-,+,-,-,-,+,+,+,+,+,-,+,+,+,+,+,+,-,+,-,+,+,-,+,+,+,-,+,+,+,+,+,-,+,+,-,+,+,-,-,+,-,+,+,+,-,-,+,+,-
219,219,2026-01-30 12:43:55,220,13В,Ч,4-5,-,+,+,+,+,+,+,+,+,-,+,-,+,+,-,+,-,+,-,-,-,-,+,-,+,+,+,-,+,+,+,-,-,-,+,+,-,+,-,+,+,-,+,+,+,+,+,-,-,+,+,+,+,+,+,-,-,+,+,+,-,+,-,+,+,-,+,+,+,+,+,-,+,-,+,+
220,220,2026-01-30 12:44:00,221,15Б,Ч,0,-,+,-,-,-,-,+,+,+,-,+,+,+,-,+,+,+,+,-,-,-,-,+,-,-,+,+,+,-,+,-,-,+,+,-,+,-,+,+,-,+,-,-,+,-,+,-,+,-,+,-,-,-,+,+,-,+,+,+,+,-,+,+,+,-,+,-,-,+,+,+,-,-,+,+,+
221,221,2026-01-30 12:45:19,222,15Б,Ч,0,-,-,-,+,-,-,-,-,+,+,+,+,-,-,+,+,+,+,-,+,+,+,+,-,+,-,+,+,-,+,-,-,+,-,+,-,+,+,+,+,+,+,+,+,+,+,-,+,-,+,-,+,-,+,+,-,-,-,+,+,+,+,-,+,-,+,+,+,-,-,+,-,-,+,+,+
222,222,2026-01-30 12:47:09,223,13В,Ж,3,-,-,-,+,+,+,+,+,+,-,+,+,+,+,+,-,+,-,+,+,+,+,-,+,+,+,+,+,+,+,-,+,+,+,+,-,+,+,+,+,+,-,+,+,-,+,+,+,+,-,+,-,-,+,+,+,+,-,-,+,-,+,+,-,+,-,+,+,+,-,+,+,-,+,+,+
223,223,2026-01-30 12:52:41,224,13В,Ж,4-5,-,-,-,+,+,-,+,+,-,+,-,+,-,-,+,+,-,-,+,-,-,-,+,+,+,+,+,+,-,+,+,+,-,-,+,+,+,-,-,-,+,-,+,+,-,+,+,-,+,-,-,-,-,+,-,+,-,-,-,+,+,-,+,+,+,-,-,-,+,+,+,-,-,+,-,+
224,224,2026-01-30 12:53:33,225,15Б,Ч,5-6,-,+,-,+,+,+,+,+,+,-,+,+,+,+,+,+,+,+,-,+,+,-,+,-,+,+,+,+,-,+,+,+,+,+,+,+,+,+,+,+,+,-,-,+,+,+,-,+,+,-,+,+,-,-,-,+,+,+,-,+,+,+,+,-,+,-,+,+,+,+,-,-,+,-,+,+
